uid,vid,X.U.FEFF.FOLIO,VIV_SEL,HOGAR,CONSEC,P7_4_2,P7_4_3,P7_5,P7_6,P7_7,P7_8,P7_8A,P7_8B,ENT,TLOC,EST_DIS,UPM_DIS,FACTOR
8_3_1,8_3,8,3,1,2,1,NA,1,1,2,NA,2,NA,1,1,1,8,169
8_3_1,8_3,8,3,1,4,2,NA,2,3,2,NA,2,NA,1,1,1,8,169
8_3_1,8_3,8,3,1,1,1,NA,2,1,2,NA,2,NA,1,1,1,8,169
8_3_1,8_3,8,3,1,3,3,NA,2,1,2,NA,2,NA,1,1,1,8,169
34_2_1,34_2,34,2,1,1,1,NA,5,2,2,NA,2,NA,1,1,2,34,235
34_3_1,34_3,34,3,1,1,1,NA,3,3,2,NA,2,NA,1,1,2,34,235
35_4_1,35_4,35,4,1,1,1,NA,3,1,2,NA,2,NA,1,1,2,35,231
35_5_1,35_5,35,5,1,2,1,NA,2,1,2,NA,2,NA,1,1,2,35,231
35_5_1,35_5,35,5,1,1,1,NA,2,3,2,NA,2,NA,1,1,2,35,231
36_3_1,36_3,36,3,1,2,1,NA,4,1,2,NA,2,NA,1,1,3,36,230
36_3_1,36_3,36,3,1,1,2,NA,4,1,2,NA,2,NA,1,1,3,36,230
36_5_1,36_5,36,5,1,1,1,NA,4,3,2,NA,2,NA,1,1,3,36,230
52_4_1,52_4,52,4,1,1,2,NA,4,1,2,NA,2,NA,1,1,3,52,232
52_5_1,52_5,52,5,1,1,1,NA,5,1,9,NA,2,NA,1,1,3,52,232
62_3_1,62_3,62,3,1,1,1,NA,4,1,2,NA,2,NA,1,1,2,62,228
62_3_1,62_3,62,3,1,2,1,NA,5,1,2,NA,2,NA,1,1,2,62,228
62_3_1,62_3,62,3,1,3,2,NA,4,1,2,NA,2,NA,1,1,2,62,228
79_5_1,79_5,79,5,1,1,2,NA,7,1,2,NA,2,NA,1,1,1,79,215
81_4_1,81_4,81,4,1,1,1,NA,4,1,2,NA,2,NA,1,1,2,81,239
85_2_1,85_2,85,2,1,1,3,NA,6,1,2,NA,2,NA,1,1,2,85,197
100_2_1,100_2,100,2,1,1,1,NA,2,3,2,NA,2,NA,1,1,2,100,227
100_4_1,100_4,100,4,1,1,1,NA,3,1,2,NA,2,NA,1,1,2,100,227
100_4_1,100_4,100,4,1,2,1,NA,3,2,2,NA,2,NA,1,1,2,100,227
117_1_1,117_1,117,1,1,1,3,NA,3,3,1,60000,1,10000,1,1,1,117,219
119_4_1,119_4,119,4,1,1,2,NA,3,1,2,NA,2,NA,1,1,3,119,216
119_4_1,119_4,119,4,1,2,3,NA,4,3,2,NA,2,NA,1,1,3,119,216
126_5_1,126_5,126,5,1,1,1,NA,4,1,2,NA,2,NA,1,1,2,126,212
126_5_1,126_5,126,5,1,2,1,NA,3,1,2,NA,2,NA,1,1,2,126,212
127_3_1,127_3,127,3,1,1,1,NA,4,1,1,999999999,2,NA,1,1,2,127,217
138_1_1,138_1,138,1,1,1,1,NA,3,3,2,NA,2,NA,1,1,3,138,241
138_4_1,138_4,138,4,1,1,1,NA,2,1,2,NA,2,NA,1,1,3,138,241
139_2_1,139_2,139,2,1,1,2,NA,2,3,2,NA,2,NA,1,1,2,139,193
139_2_1,139_2,139,2,1,2,3,NA,2,3,2,NA,2,NA,1,1,2,139,193
177_3_1,177_3,177,3,1,1,2,NA,6,1,1,100000,1,20000,1,1,3,177,218
177_3_1,177_3,177,3,1,2,2,NA,1,4,2,NA,2,NA,1,1,3,177,218
178_1_1,178_1,178,1,1,2,3,NA,2,3,2,NA,2,NA,1,1,1,178,220
178_1_1,178_1,178,1,1,1,2,NA,2,1,2,NA,2,NA,1,1,1,178,220
181_5_1,181_5,181,5,1,1,2,NA,4,1,1,50000,2,NA,1,1,3,181,225
203_2_1,203_2,203,2,1,1,1,NA,6,1,1,30000,1,20000,1,1,3,203,214
203_4_1,203_4,203,4,1,1,1,NA,7,1,2,NA,2,NA,1,1,3,203,214
219_4_1,219_4,219,4,1,1,1,NA,2,3,2,NA,2,NA,1,1,1,219,232
231_5_1,231_5,231,5,1,1,1,NA,2,3,2,NA,2,NA,1,1,3,231,227
236_2_1,236_2,236,2,1,1,1,NA,8,1,2,NA,2,NA,1,1,1,236,216
252_2_1,252_2,252,2,1,1,1,NA,4,1,2,NA,2,NA,1,2,5,252,215
254_14_1,254_14,254,14,1,1,1,NA,4,1,2,NA,2,NA,1,2,7,254,196
254_14_1,254_14,254,14,1,2,1,NA,7,1,2,NA,2,NA,1,2,7,254,196
255_8_1,255_8,255,8,1,2,1,NA,4,3,2,NA,2,NA,1,2,8,255,202
255_8_1,255_8,255,8,1,1,1,NA,3,1,2,NA,2,NA,1,2,8,255,202
263_15_1,263_15,263,15,1,1,1,NA,2,3,2,NA,2,NA,1,3,9,263,216
268_13_1,268_13,268,13,1,1,1,NA,4,1,2,NA,2,NA,1,3,10,268,231
276_6_1,276_6,276,6,1,1,1,NA,3,3,2,NA,2,NA,1,4,11,276,184
279_16_1,279_16,279,16,1,1,2,NA,8,3,2,NA,2,NA,1,4,11,279,197
284_14_1,284_14,284,14,1,1,2,1,5,1,2,NA,2,NA,1,4,11,284,222
284_14_1,284_14,284,14,1,2,2,1,5,1,2,NA,2,NA,1,4,11,284,222
285_16_1,285_16,285,16,1,1,2,NA,3,1,1,3500,2,NA,1,4,11,285,231
286_18_1,286_18,286,18,1,1,1,NA,6,1,2,NA,2,NA,1,4,11,286,176
293_4_1,293_4,293,4,1,1,1,NA,6,1,2,NA,1,14000,1,1,2,293,192
304_5_1,304_5,304,5,1,1,1,NA,2,1,2,NA,2,NA,1,1,2,304,827
327_4_1,327_4,327,4,1,1,1,NA,5,3,2,NA,2,NA,2,1,23,327,632
439_5_1,439_5,439,5,1,1,1,NA,4,1,2,NA,2,NA,2,1,14,439,547
440_1_1,440_1,440,1,1,1,1,NA,6,1,2,NA,2,NA,2,1,13,440,486
440_1_1,440_1,440,1,1,2,1,NA,3,1,2,NA,2,NA,2,1,13,440,486
474_1_1,474_1,474,1,1,1,1,NA,4,1,2,NA,2,NA,2,1,13,474,634
474_1_1,474_1,474,1,1,2,1,NA,9,1,2,NA,1,80000,2,1,13,474,634
537_2_1,537_2,537,2,1,1,2,NA,8,1,2,NA,2,NA,2,1,13,537,537
537_2_1,537_2,537,2,1,4,2,NA,4,1,2,NA,1,20000,2,1,13,537,537
537_2_1,537_2,537,2,1,3,2,NA,5,1,2,NA,2,NA,2,1,13,537,537
537_2_1,537_2,537,2,1,2,2,NA,5,1,2,NA,2,NA,2,1,13,537,537
539_4_1,539_4,539,4,1,1,1,NA,2,3,2,NA,2,NA,2,1,12,539,863
543_2_1,543_2,543,2,1,1,1,NA,2,1,2,NA,2,NA,2,1,12,543,571
545_4_1,545_4,545,4,1,1,1,NA,4,1,2,NA,2,NA,2,1,14,545,526
573_4_1,573_4,573,4,1,1,1,NA,3,1,2,NA,1,50000,2,1,14,573,623
584_6_1,584_6,584,6,1,1,1,NA,4,1,1,4000,2,NA,2,2,26,584,387
588_6_1,588_6,588,6,1,1,4,NA,6,1,2,NA,2,NA,2,2,25,588,606
588_6_1,588_6,588,6,1,2,3,NA,6,3,1,150000,2,NA,2,2,25,588,606
602_17_1,602_17,602,17,1,1,1,NA,4,1,2,NA,2,NA,2,3,27,602,428
606_6_1,606_6,606,6,1,7,1,NA,1,1,2,NA,2,NA,2,3,27,606,782
606_6_1,606_6,606,6,1,6,1,NA,1,1,2,NA,2,NA,2,3,27,606,782
606_6_1,606_6,606,6,1,5,1,NA,1,1,2,NA,2,NA,2,3,27,606,782
606_6_1,606_6,606,6,1,4,1,NA,1,1,2,NA,2,NA,2,3,27,606,782
606_6_1,606_6,606,6,1,1,1,NA,2,1,2,NA,2,NA,2,3,27,606,782
606_6_1,606_6,606,6,1,2,1,NA,1,1,2,NA,2,NA,2,3,27,606,782
606_6_1,606_6,606,6,1,3,1,NA,1,1,2,NA,2,NA,2,3,27,606,782
618_10_1,618_10,618,10,1,1,1,NA,8,2,1,100000,2,NA,2,4,30,618,854
637_4_1,637_4,637,4,1,1,2,NA,3,1,2,NA,2,NA,2,2,26,637,2650
655_2_1,655_2,655,2,1,1,3,NA,3,1,1,999999999,1,999999999,3,1,32,655,95
668_5_1,668_5,668,5,1,1,2,NA,3,1,2,NA,2,NA,3,1,33,668,112
673_2_1,673_2,673,2,1,1,1,NA,2,1,2,NA,2,NA,3,1,33,673,105
673_2_1,673_2,673,2,1,2,1,NA,1,1,1,15000,2,NA,3,1,33,673,105
675_3_1,675_3,675,3,1,1,1,NA,4,1,2,NA,2,NA,3,1,33,675,123
681_4_1,681_4,681,4,1,1,1,NA,5,1,2,NA,2,NA,3,1,33,681,102
715_3_1,715_3,715,3,1,1,1,NA,5,1,2,NA,2,NA,3,1,33,715,130
750_4_1,750_4,750,4,1,1,1,NA,6,1,2,NA,2,NA,3,1,33,750,128
770_4_1,770_4,770,4,1,1,2,NA,4,3,2,NA,2,NA,3,1,31,770,110
776_19_1,776_19,776,19,1,1,1,NA,6,1,1,50000,2,NA,3,2,36,776,146
776_19_1,776_19,776,19,1,2,2,NA,6,1,1,50000,2,NA,3,2,36,776,146
779_13_1,779_13,779,13,1,1,1,NA,1,3,2,NA,2,NA,3,2,34,779,124
781_20_1,781_20,781,20,1,1,2,NA,3,3,2,NA,2,NA,3,2,34,781,127
782_9_1,782_9,782,9,1,1,2,NA,4,1,2,NA,2,NA,3,2,36,782,154
784_1_1,784_1,784,1,1,1,1,NA,1,1,2,NA,1,35000,3,2,34,784,202
784_1_1,784_1,784,1,1,2,1,NA,1,3,1,50000,2,NA,3,2,34,784,202
785_10_1,785_10,785,10,1,1,2,NA,7,1,2,NA,2,NA,3,2,36,785,156
791_6_1,791_6,791,6,1,1,2,NA,5,3,2,NA,2,NA,3,2,35,791,136
792_20_1,792_20,792,20,1,1,1,NA,4,1,2,NA,2,NA,3,2,34,792,192
795_14_1,795_14,795,14,1,1,1,2,5,1,2,NA,2,NA,3,2,36,795,126
802_10_1,802_10,802,10,1,1,2,NA,2,1,2,NA,2,NA,3,2,38,802,114
802_13_1,802_13,802,13,1,1,1,NA,4,1,2,NA,2,NA,3,2,38,802,114
804_1_1,804_1,804,1,1,1,1,NA,6,1,2,NA,2,NA,3,3,40,804,116
804_10_1,804_10,804,10,1,1,8,NA,3,3,2,NA,2,NA,3,3,40,804,116
807_17_1,807_17,807,17,1,1,2,NA,3,3,2,NA,2,NA,3,3,41,807,99
808_6_1,808_6,808,6,1,1,2,NA,2,1,1,20000,2,NA,3,3,41,808,106
808_17_1,808_17,808,17,1,1,2,NA,2,1,2,NA,2,NA,3,3,41,808,106
829_15_1,829_15,829,15,1,1,1,NA,2,2,1,0,2,NA,3,4,43,829,95
831_10_1,831_10,831,10,1,1,1,NA,2,1,2,NA,1,15000,3,4,43,831,127
846_3_1,846_3,846,3,1,1,1,NA,4,1,2,NA,2,NA,3,2,34,846,432
855_5_1,855_5,855,5,1,1,1,NA,3,3,2,NA,1,11000,4,1,45,855,99
856_2_1,856_2,856,2,1,2,3,NA,8,1,2,NA,2,NA,4,1,45,856,98
856_2_1,856_2,856,2,1,1,3,NA,8,1,1,999999999,2,NA,4,1,45,856,98
856_5_1,856_5,856,5,1,2,2,NA,3,5,2,NA,1,5000,4,1,45,856,98
856_5_1,856_5,856,5,1,1,2,NA,3,5,2,NA,2,NA,4,1,45,856,98
859_1_1,859_1,859,1,1,1,2,NA,2,9,9,NA,9,NA,4,1,44,859,180
859_1_1,859_1,859,1,1,2,2,NA,99,3,2,NA,2,NA,4,1,44,859,180
876_1_1,876_1,876,1,1,1,1,NA,7,1,2,NA,2,NA,4,1,44,876,223
879_1_1,879_1,879,1,1,1,2,NA,4,1,2,NA,2,NA,4,1,45,879,129
885_5_1,885_5,885,5,1,1,2,1,3,1,2,NA,2,NA,4,1,44,885,164
891_4_1,891_4,891,4,1,1,1,NA,5,3,2,NA,2,NA,4,1,46,891,145
897_1_1,897_1,897,1,1,1,1,NA,5,1,2,NA,2,NA,4,1,45,897,127
898_1_1,898_1,898,1,1,3,1,NA,5,1,2,NA,2,NA,4,1,45,898,94
898_1_1,898_1,898,1,1,2,1,NA,5,2,2,NA,2,NA,4,1,45,898,94
898_1_1,898_1,898,1,1,1,1,NA,7,1,2,NA,2,NA,4,1,45,898,94
899_1_1,899_1,899,1,1,2,1,NA,4,1,2,NA,2,NA,4,1,45,899,110
899_1_1,899_1,899,1,1,1,3,NA,5,1,2,NA,2,NA,4,1,45,899,110
899_3_1,899_3,899,3,1,1,1,NA,11,1,2,NA,2,NA,4,1,45,899,110
900_3_1,900_3,900,3,1,1,1,NA,5,4,1,20000,1,20000,4,1,44,900,150
912_5_1,912_5,912,5,1,1,1,NA,3,1,1,15000,1,20000,4,1,45,912,146
924_3_1,924_3,924,3,1,1,5,NA,5,3,2,NA,2,NA,4,1,45,924,165
924_3_1,924_3,924,3,1,2,1,NA,8,3,2,NA,2,NA,4,1,45,924,165
926_3_1,926_3,926,3,1,1,2,NA,4,1,1,10000,1,600,4,1,44,926,166
934_1_1,934_1,934,1,1,1,2,NA,2,1,2,NA,2,NA,4,1,44,934,137
948_3_1,948_3,948,3,1,1,1,NA,3,1,2,NA,2,NA,4,1,46,948,170
953_5_1,953_5,953,5,1,1,2,NA,3,1,2,NA,2,NA,4,1,46,953,120
1005_3_1,1005_3,1005,3,1,1,1,NA,3,1,2,NA,2,NA,4,1,49,1005,129
1012_1_1,1012_1,1012,1,1,1,2,NA,4,2,2,NA,2,NA,4,1,49,1012,141
1013_1_1,1013_1,1013,1,1,1,2,NA,4,1,2,NA,2,NA,4,1,50,1013,201
1031_4_1,1031_4,1031,4,1,1,2,NA,2,1,2,NA,2,NA,4,1,51,1031,162
1031_4_1,1031_4,1031,4,1,2,1,NA,3,1,2,NA,2,NA,4,1,51,1031,162
1031_4_1,1031_4,1031,4,1,3,1,NA,2,3,2,NA,2,NA,4,1,51,1031,162
1033_3_1,1033_3,1033,3,1,1,1,NA,4,1,2,NA,2,NA,4,1,51,1033,159
1033_3_1,1033_3,1033,3,1,2,2,NA,3,3,2,NA,2,NA,4,1,51,1033,159
1033_3_1,1033_3,1033,3,1,3,2,NA,5,1,2,NA,2,NA,4,1,51,1033,159
1035_2_1,1035_2,1035,2,1,1,2,NA,3,1,1,10000,2,NA,4,1,49,1035,160
1042_8_1,1042_8,1042,8,1,1,2,NA,4,3,1,90000,2,NA,4,2,52,1042,137
1042_8_1,1042_8,1042,8,1,2,3,NA,1,3,1,20000,2,NA,4,2,52,1042,137
1042_8_1,1042_8,1042,8,1,3,2,NA,1,3,2,NA,2,NA,4,2,52,1042,137
1059_3_1,1059_3,1059,3,1,1,1,NA,1,3,2,NA,2,NA,4,3,55,1059,240
1069_14_1,1069_14,1069,14,1,1,1,NA,6,1,2,NA,2,NA,4,3,54,1069,170
1072_5_1,1072_5,1072,5,1,1,2,NA,2,1,2,NA,2,NA,4,1,49,1072,224
1086_17_1,1086_17,1086,17,1,1,1,NA,3,1,2,NA,2,NA,4,4,56,1086,172
1087_12_1,1087_12,1087,12,1,1,1,NA,3,1,1,3000,2,NA,4,4,56,1087,176
1088_18_1,1088_18,1088,18,1,1,1,NA,3,1,2,NA,2,NA,4,4,56,1088,152
1091_9_1,1091_9,1091,9,1,1,1,NA,3,1,2,NA,2,NA,4,4,56,1091,146
1091_14_1,1091_14,1091,14,1,1,1,NA,3,1,2,NA,2,NA,4,4,56,1091,146
1092_11_1,1092_11,1092,11,1,1,1,NA,3,1,1,11000,1,9000,4,4,56,1092,209
1092_18_1,1092_18,1092,18,1,1,1,NA,2,1,1,30000,2,NA,4,4,56,1092,209
1092_20_1,1092_20,1092,20,1,1,1,NA,5,1,1,2000,2,NA,4,4,56,1092,209
1127_2_1,1127_2,1127,2,1,1,1,NA,5,1,1,25000,1,10000,5,1,76,1127,697
1135_1_1,1135_1,1135,1,1,1,2,NA,5,3,2,NA,2,NA,5,1,70,1135,291
1139_2_1,1139_2,1139,2,1,1,2,NA,6,1,2,NA,2,NA,5,1,70,1139,391
1147_1_1,1147_1,1147,1,1,1,1,NA,4,1,2,NA,2,NA,5,1,69,1147,390
1147_3_1,1147_3,1147,3,1,1,2,NA,5,1,2,NA,2,NA,5,1,69,1147,390
1155_5_1,1155_5,1155,5,1,1,1,NA,4,1,2,NA,2,NA,5,1,69,1155,588
1157_1_1,1157_1,1157,1,1,1,1,NA,6,1,2,NA,2,NA,5,1,69,1157,609
1158_4_1,1158_4,1158,4,1,1,2,NA,3,1,2,NA,1,999999999,5,1,69,1158,562
1160_2_1,1160_2,1160,2,1,1,2,NA,5,1,2,NA,2,NA,5,1,68,1160,514
1170_3_1,1170_3,1170,3,1,1,1,NA,7,1,1,40000,1,15000,5,1,75,1170,719
1174_5_1,1174_5,1174,5,1,1,1,NA,6,1,2,NA,2,NA,5,1,74,1174,451
1199_2_1,1199_2,1199,2,1,1,1,3,2,1,2,NA,2,NA,5,1,58,1199,717
1265_3_1,1265_3,1265,3,1,1,1,NA,4,1,2,NA,2,NA,5,1,58,1265,760
1265_3_1,1265_3,1265,3,1,3,3,NA,4,1,2,NA,2,NA,5,1,58,1265,760
1265_3_1,1265_3,1265,3,1,2,2,NA,5,1,2,NA,2,NA,5,1,58,1265,760
1269_3_1,1269_3,1269,3,1,1,2,NA,4,1,1,50000,2,NA,5,1,59,1269,744
1281_1_1,1281_1,1281,1,1,3,1,NA,4,3,2,NA,1,200000,5,1,65,1281,678
1281_1_1,1281_1,1281,1,1,2,1,NA,4,3,2,NA,1,200000,5,1,65,1281,678
1281_1_1,1281_1,1281,1,1,1,1,NA,4,3,1,180000,1,200000,5,1,65,1281,678
1310_1_1,1310_1,1310,1,1,5,3,NA,3,3,2,NA,2,NA,5,1,63,1310,432
1310_1_1,1310_1,1310,1,1,4,3,NA,3,3,2,NA,2,NA,5,1,63,1310,432
1310_1_1,1310_1,1310,1,1,3,3,NA,3,1,2,NA,2,NA,5,1,63,1310,432
1310_1_1,1310_1,1310,1,1,2,3,NA,3,1,2,NA,2,NA,5,1,63,1310,432
1310_1_1,1310_1,1310,1,1,1,3,NA,3,1,2,NA,2,NA,5,1,63,1310,432
1341_4_2,1341_4,1341,4,2,1,1,NA,3,3,2,NA,2,NA,5,1,64,1341,304
1383_1_1,1383_1,1383,1,1,1,3,NA,99,4,2,NA,2,NA,5,2,80,1383,850
1384_6_1,1384_6,1384,6,1,1,2,NA,5,1,1,30000,2,NA,5,2,80,1384,625
1387_12_1,1387_12,1387,12,1,1,1,NA,4,1,2,NA,2,NA,5,2,80,1387,419
1388_20_1,1388_20,1388,20,1,1,1,NA,4,1,2,NA,2,NA,5,2,79,1388,504
1389_9_1,1389_9,1389,9,1,1,1,NA,6,1,2,NA,2,NA,5,2,79,1389,488
1400_6_1,1400_6,1400,6,1,1,1,NA,5,1,2,NA,1,100000,5,2,78,1400,506
1400_10_1,1400_10,1400,10,1,1,1,NA,4,2,2,NA,2,NA,5,2,78,1400,506
1402_6_1,1402_6,1402,6,1,1,1,NA,8,1,1,60000,2,NA,5,2,80,1402,421
1402_12_1,1402_12,1402,12,1,1,2,NA,4,1,2,NA,2,NA,5,2,80,1402,421
1408_8_1,1408_8,1408,8,1,1,7,NA,3,1,2,NA,2,NA,5,3,82,1408,180
1417_16_1,1417_16,1417,16,1,1,1,NA,4,3,2,NA,2,NA,5,4,84,1417,279
1434_3_1,1434_3,1434,3,1,1,1,NA,4,1,2,NA,2,NA,5,1,64,1434,712
1457_5_1,1457_5,1457,5,1,1,2,NA,2,1,2,NA,2,NA,6,1,86,1457,127
1458_3_1,1458_3,1458,3,1,1,2,NA,1,3,2,NA,2,NA,6,1,86,1458,69
1458_3_1,1458_3,1458,3,1,2,2,NA,1,3,2,NA,2,NA,6,1,86,1458,69
1468_4_2,1468_4,1468,4,2,1,1,NA,5,1,1,2000,2,NA,6,1,86,1468,107
1489_3_1,1489_3,1489,3,1,1,1,NA,6,1,2,NA,2,NA,6,1,85,1489,120
1507_1_1,1507_1,1507,1,1,1,1,NA,4,3,2,NA,1,30000,6,1,87,1507,180
1538_1_1,1538_1,1538,1,1,1,1,NA,2,1,2,NA,2,NA,6,1,88,1538,149
1599_4_1,1599_4,1599,4,1,1,1,2,2,1,2,NA,2,NA,6,1,88,1599,139
1599_4_1,1599_4,1599,4,1,2,1,2,2,1,2,NA,2,NA,6,1,88,1599,139
1599_4_1,1599_4,1599,4,1,3,1,NA,3,1,2,NA,2,NA,6,1,88,1599,139
1606_4_1,1606_4,1606,4,1,1,2,NA,6,1,2,NA,2,NA,6,1,85,1606,174
1615_4_1,1615_4,1615,4,1,1,2,1,4,1,2,NA,2,NA,6,1,86,1615,110
1624_3_1,1624_3,1624,3,1,1,1,NA,5,1,1,60000,2,NA,6,1,87,1624,138
1628_2_1,1628_2,1628,2,1,1,1,NA,2,1,2,NA,2,NA,6,1,86,1628,142
1633_2_1,1633_2,1633,2,1,1,1,NA,4,1,2,NA,2,NA,6,1,86,1633,109
1638_4_1,1638_4,1638,4,1,1,1,NA,2,1,2,NA,2,NA,6,1,87,1638,187
1670_9_1,1670_9,1670,9,1,1,2,NA,3,1,2,NA,1,25000,6,2,91,1670,103
1670_10_1,1670_10,1670,10,1,1,2,NA,3,1,2,NA,2,NA,6,2,91,1670,103
1684_15_1,1684_15,1684,15,1,1,4,NA,99,1,9,NA,9,NA,6,3,93,1684,174
1698_12_1,1698_12,1698,12,1,1,1,NA,3,1,1,15000,1,8000,6,4,96,1698,106
1716_5_1,1716_5,1716,5,1,1,1,NA,2,1,1,70000,2,NA,6,1,86,1716,176
1719_4_1,1719_4,1719,4,1,1,1,2,5,3,2,NA,1,100000,6,1,86,1719,59
1719_4_1,1719_4,1719,4,1,2,1,2,4,1,2,NA,2,NA,6,1,86,1719,59
1719_4_1,1719_4,1719,4,1,3,1,2,3,1,2,NA,2,NA,6,1,86,1719,59
1719_4_1,1719_4,1719,4,1,4,1,2,3,1,2,NA,2,NA,6,1,86,1719,59
1719_4_1,1719_4,1719,4,1,5,1,2,4,1,2,NA,2,NA,6,1,86,1719,59
1732_2_1,1732_2,1732,2,1,1,1,NA,3,1,2,NA,2,NA,7,1,106,1732,932
1803_1_1,1803_1,1803,1,1,1,1,NA,3,1,2,NA,2,NA,7,1,97,1803,783
1820_13_1,1820_13,1820,13,1,1,1,NA,2,1,1,1000,2,NA,7,2,109,1820,562
1828_9_1,1828_9,1828,9,1,1,1,NA,1,3,2,NA,2,NA,7,3,111,1828,1262
1828_9_1,1828_9,1828,9,1,2,1,NA,1,3,2,NA,2,NA,7,3,111,1828,1262
1844_1_1,1844_1,1844,1,1,1,1,NA,2,3,2,NA,2,NA,7,4,114,1844,225
1846_16_1,1846_16,1846,16,1,1,1,NA,3,1,2,NA,2,NA,7,4,114,1846,995
1969_4_1,1969_4,1969,4,1,1,1,NA,5,1,2,NA,2,NA,8,1,119,1969,919
1974_5_1,1974_5,1974,5,1,1,2,NA,5,1,2,NA,2,NA,8,1,121,1974,395
1980_5_1,1980_5,1980,5,1,1,2,NA,8,1,2,NA,2,NA,8,1,121,1980,558
1985_4_1,1985_4,1985,4,1,1,1,2,4,1,2,NA,2,NA,8,1,119,1985,786
1998_1_1,1998_1,1998,1,1,1,1,NA,2,4,2,NA,2,NA,8,1,121,1998,925
1998_5_1,1998_5,1998,5,1,1,1,NA,6,1,2,NA,2,NA,8,1,121,1998,925
2062_5_1,2062_5,2062,5,1,1,1,NA,4,1,1,90000,2,NA,8,1,117,2062,860
2077_4_1,2077_4,2077,4,1,1,2,NA,2,1,2,NA,2,NA,8,1,118,2077,739
2077_4_1,2077_4,2077,4,1,2,2,NA,2,1,2,NA,2,NA,8,1,118,2077,739
2086_3_1,2086_3,2086,3,1,1,2,NA,5,1,1,10000,2,NA,8,1,116,2086,703
2088_5_1,2088_5,2088,5,1,1,1,NA,7,1,2,NA,1,15000,8,1,117,2088,612
2129_3_1,2129_3,2129,3,1,1,1,NA,3,1,1,15000,1,10000,8,1,117,2129,753
2145_4_1,2145_4,2145,4,1,1,1,NA,4,1,2,NA,2,NA,8,1,117,2145,666
2216_4_1,2216_4,2216,4,1,1,1,NA,8,1,2,NA,1,90000,8,1,120,2216,523
2251_4_1,2251_4,2251,4,1,1,3,NA,6,1,2,NA,2,NA,9,1,137,2251,2326
2251_5_1,2251_5,2251,5,1,1,2,NA,4,1,2,NA,2,NA,9,1,137,2251,2326
2268_1_1,2268_1,2268,1,1,1,1,NA,6,2,2,NA,2,NA,9,1,137,2268,1649
2327_1_1,2327_1,2327,1,1,1,1,NA,4,1,2,NA,2,NA,9,1,137,2327,1914
2436_2_1,2436_2,2436,2,1,1,2,NA,2,3,2,NA,2,NA,9,1,135,2436,1670
2446_3_1,2446_3,2446,3,1,1,2,NA,3,3,1,20000,2,NA,9,1,136,2446,2104
2462_1_1,2462_1,2462,1,1,1,1,NA,4,3,2,NA,2,NA,9,1,137,2462,2470
2624_5_1,2624_5,2624,5,1,1,1,NA,5,1,1,30000,2,NA,10,1,144,2624,343
2629_5_1,2629_5,2629,5,1,1,1,NA,3,3,1,200000,1,50000,10,1,144,2629,349
2638_1_1,2638_1,2638,1,1,1,4,NA,3,5,2,NA,2,NA,10,1,144,2638,729
2667_2_1,2667_2,2667,2,1,1,1,NA,5,1,2,NA,2,NA,10,1,143,2667,282
2688_2_1,2688_2,2688,2,1,1,1,NA,4,3,1,10000,1,10000,10,1,143,2688,298
2726_2_1,2726_2,2726,2,1,1,1,NA,6,1,2,NA,2,NA,10,1,144,2726,379
2737_2_1,2737_2,2737,2,1,1,1,NA,2,1,2,NA,2,NA,10,1,142,2737,282
2759_2_1,2759_2,2759,2,1,1,2,NA,3,1,2,NA,2,NA,10,1,146,2759,265
2796_3_1,2796_3,2796,3,1,1,2,NA,4,1,2,NA,2,NA,10,1,146,2796,249
2837_13_1,2837_13,2837,13,1,1,1,2,3,1,2,NA,2,NA,10,3,152,2837,288
2839_5_1,2839_5,2839,5,1,1,1,NA,4,1,2,NA,1,30000,10,3,151,2839,296
2862_4_1,2862_4,2862,4,1,1,1,NA,7,2,2,NA,2,NA,10,4,153,2862,341
2909_4_1,2909_4,2909,4,1,1,2,NA,2,1,1,2012,1,4000,11,1,165,2909,766
2948_2_1,2948_2,2948,2,1,1,1,NA,2,1,2,NA,2,NA,11,1,157,2948,1135
2956_1_1,2956_1,2956,1,1,2,1,NA,3,1,9,NA,2,NA,11,1,158,2956,849
2956_1_1,2956_1,2956,1,1,1,1,NA,4,1,2,NA,1,999999999,11,1,158,2956,849
2970_5_1,2970_5,2970,5,1,1,1,NA,5,1,2,NA,2,NA,11,1,156,2970,816
2970_5_1,2970_5,2970,5,1,2,3,NA,5,3,2,NA,2,NA,11,1,156,2970,816
2972_4_1,2972_4,2972,4,1,1,1,NA,3,1,2,NA,2,NA,11,1,157,2972,837
2973_1_1,2973_1,2973,1,1,1,1,NA,3,1,2,NA,1,23000,11,1,157,2973,836
2998_2_1,2998_2,2998,2,1,1,2,NA,4,1,2,NA,2,NA,11,1,156,2998,970
3038_9_1,3038_9,3038,9,1,1,1,NA,3,2,2,NA,1,5000,11,2,175,3038,638
3038_9_1,3038_9,3038,9,1,2,1,NA,3,2,2,NA,2,NA,11,2,175,3038,638
3043_6_1,3043_6,3043,6,1,1,1,NA,6,1,1,18000,1,4000,11,2,174,3043,809
3043_6_1,3043_6,3043,6,1,2,1,NA,4,3,2,NA,2,NA,11,2,174,3043,809
3046_2_1,3046_2,3046,2,1,1,1,NA,6,1,2,NA,2,NA,11,2,171,3046,952
3046_2_1,3046_2,3046,2,1,2,1,NA,5,1,2,NA,2,NA,11,2,171,3046,952
3069_17_1,3069_17,3069,17,1,1,1,NA,2,3,2,NA,2,NA,11,2,172,3069,817
3075_5_1,3075_5,3075,5,1,1,1,NA,5,1,1,50000,1,30000,11,3,176,3075,922
3080_20_1,3080_20,3080,20,1,1,2,NA,4,1,2,NA,2,NA,11,3,177,3080,1103
3090_11_1,3090_11,3090,11,1,1,1,NA,3,3,2,NA,2,NA,11,4,178,3090,1156
3095_2_1,3095_2,3095,2,1,1,1,NA,2,3,2,NA,2,NA,11,4,179,3095,904
3096_7_1,3096_7,3096,7,1,4,2,NA,3,1,2,NA,2,NA,11,4,178,3096,744
3096_7_1,3096_7,3096,7,1,3,2,NA,2,1,1,3000,2,NA,11,4,178,3096,744
3096_7_1,3096_7,3096,7,1,1,1,NA,4,1,9,NA,2,NA,11,4,178,3096,744
3096_7_1,3096_7,3096,7,1,2,1,NA,3,1,2,NA,2,NA,11,4,178,3096,744
3110_12_1,3110_12,3110,12,1,1,1,NA,3,1,1,5800,2,NA,11,4,179,3110,966
3112_1_1,3112_1,3112,1,1,1,1,NA,3,3,1,60000,2,NA,11,1,165,3112,384
3144_2_1,3144_2,3144,2,1,1,3,NA,2,4,2,NA,2,NA,12,1,181,3144,401
3174_1_1,3174_1,3174,1,1,1,1,NA,4,1,1,15000,1,15000,12,1,181,3174,368
3174_1_1,3174_1,3174,1,1,2,1,NA,6,1,1,15000,1,20000,12,1,181,3174,368
3209_1_1,3209_1,3209,1,1,1,3,NA,5,1,2,NA,1,5000,12,1,181,3209,384
3235_3_1,3235_3,3235,3,1,1,1,NA,5,3,2,NA,2,NA,12,1,186,3235,718
3258_14_1,3258_14,3258,14,1,1,1,NA,4,4,2,NA,2,NA,12,2,192,3258,415
3288_7_1,3288_7,3288,7,1,1,2,NA,2,3,2,NA,2,NA,12,4,197,3288,289
3292_8_1,3292_8,3292,8,1,1,1,NA,3,1,2,NA,2,NA,12,4,197,3292,581
3299_3_1,3299_3,3299,3,1,1,1,NA,2,5,2,NA,2,NA,12,4,197,3299,625
3313_10_1,3313_10,3313,10,1,1,1,NA,1,3,2,NA,2,NA,12,4,197,3313,475
3315_16_1,3315_16,3315,16,1,1,2,NA,4,3,2,NA,2,NA,12,4,197,3315,488
3337_2_1,3337_2,3337,2,1,2,2,NA,4,1,2,NA,2,NA,13,1,199,3337,300
3337_2_1,3337_2,3337,2,1,1,1,NA,3,1,1,400000,2,NA,13,1,199,3337,300
3340_2_1,3340_2,3340,2,1,8,1,NA,5,1,2,NA,1,200000,13,1,199,3340,482
3340_2_1,3340_2,3340,2,1,7,1,NA,5,1,2,NA,1,20000,13,1,199,3340,482
3340_2_1,3340_2,3340,2,1,6,1,NA,5,1,2,NA,1,20000,13,1,199,3340,482
3340_2_1,3340_2,3340,2,1,4,1,NA,5,1,2,NA,1,20000,13,1,199,3340,482
3340_2_1,3340_2,3340,2,1,5,1,NA,5,1,2,NA,1,20000,13,1,199,3340,482
3340_2_1,3340_2,3340,2,1,9,1,NA,5,1,2,NA,1,20000,13,1,199,3340,482
3340_2_1,3340_2,3340,2,1,3,1,NA,4,1,2,NA,1,15000,13,1,199,3340,482
3340_2_1,3340_2,3340,2,1,1,1,NA,5,1,2,NA,1,20000,13,1,199,3340,482
3340_2_1,3340_2,3340,2,1,2,1,NA,6,1,2,NA,2,NA,13,1,199,3340,482
3341_4_1,3341_4,3341,4,1,1,1,NA,5,1,2,NA,2,NA,13,1,200,3341,650
3407_1_1,3407_1,3407,1,1,1,1,NA,4,1,2,NA,2,NA,13,3,211,3407,615
3413_3_1,3413_3,3413,3,1,1,1,NA,4,1,2,NA,2,NA,13,3,210,3413,402
3431_7_1,3431_7,3431,7,1,1,1,NA,4,3,2,NA,2,NA,13,3,210,3431,549
3434_4_1,3434_4,3434,4,1,1,1,NA,4,1,1,60000,2,NA,13,3,210,3434,470
3434_7_1,3434_7,3434,7,1,1,1,NA,5,3,2,NA,2,NA,13,3,210,3434,470
3436_4_1,3436_4,3436,4,1,1,1,NA,2,1,2,NA,2,NA,13,3,210,3436,451
3439_2_1,3439_2,3439,2,1,1,1,NA,5,4,2,NA,2,NA,13,4,205,3439,376
3475_12_1,3475_12,3475,12,1,1,1,NA,3,1,2,NA,2,NA,13,4,212,3475,435
3506_3_1,3506_3,3506,3,1,1,1,NA,4,1,2,NA,2,NA,13,3,210,3506,1662
3506_3_1,3506_3,3506,3,1,2,1,NA,4,1,2,NA,2,NA,13,3,210,3506,1662
3558_1_1,3558_1,3558,1,1,1,1,NA,5,1,2,NA,2,NA,14,1,215,3558,1239
3571_3_1,3571_3,3571,3,1,1,2,NA,3,2,1,150000,1,30000,14,1,215,3571,1410
3592_1_1,3592_1,3592,1,1,2,2,NA,6,1,2,NA,2,NA,14,1,214,3592,1033
3592_1_1,3592_1,3592,1,1,1,2,NA,3,1,2,NA,2,NA,14,1,214,3592,1033
3612_2_1,3612_2,3612,2,1,1,1,NA,3,1,2,NA,2,NA,14,1,216,3612,1469
3647_1_1,3647_1,3647,1,1,2,3,NA,4,1,2,NA,1,5000,14,1,215,3647,1188
3647_1_1,3647_1,3647,1,1,1,1,NA,3,1,1,50000,2,NA,14,1,215,3647,1188
3669_3_1,3669_3,3669,3,1,1,3,NA,5,3,1,50000,2,NA,14,1,216,3669,1923
3698_4_1,3698_4,3698,4,1,2,1,NA,3,1,2,NA,2,NA,14,1,214,3698,1390
3698_4_1,3698_4,3698,4,1,1,1,NA,5,1,2,NA,2,NA,14,1,214,3698,1390
3705_12_1,3705_12,3705,12,1,1,1,NA,5,3,2,NA,2,NA,14,2,224,3705,1170
3707_11_1,3707_11,3707,11,1,1,1,NA,4,1,2,NA,2,NA,14,2,222,3707,1564
3714_11_1,3714_11,3714,11,1,1,2,NA,2,1,1,1500,1,1500,14,2,224,3714,1154
3720_7_1,3720_7,3720,7,1,1,1,NA,2,3,2,NA,2,NA,14,2,223,3720,1065
3734_19_1,3734_19,3734,19,1,1,8,NA,2,4,2,NA,1,200000,14,3,226,3734,1085
3736_8_1,3736_8,3736,8,1,1,2,NA,5,1,1,30000,2,NA,14,3,228,3736,1117
3742_18_1,3742_18,3742,18,1,1,2,NA,8,1,2,NA,1,0,14,3,226,3742,1020
3753_2_1,3753_2,3753,2,1,1,2,NA,2,1,2,NA,2,NA,14,4,230,3753,2065
3773_1_1,3773_1,3773,1,1,1,3,NA,7,4,1,100000,1,100000,14,3,228,3773,4193
3824_2_1,3824_2,3824,2,1,1,1,NA,4,1,2,NA,2,NA,15,1,232,3824,2502
3834_4_1,3834_4,3834,4,1,1,1,NA,5,1,2,NA,2,NA,15,1,233,3834,2601
3992_1_1,3992_1,3992,1,1,2,1,NA,3,3,2,NA,2,NA,15,1,234,3992,5003
3992_1_1,3992_1,3992,1,1,1,2,NA,3,3,2,NA,2,NA,15,1,234,3992,5003
4029_1_1,4029_1,4029,1,1,1,1,NA,7,1,2,NA,2,NA,15,2,242,4029,4815
4029_1_1,4029_1,4029,1,1,2,1,NA,4,3,2,NA,2,NA,15,2,242,4029,4815
4059_1_3,4059_1,4059,1,3,1,1,NA,3,1,2,NA,2,NA,15,3,238,4059,1276
4109_3_1,4109_3,4109,3,1,1,1,NA,4,1,2,NA,2,NA,16,1,252,4109,684
4115_1_1,4115_1,4115,1,1,1,1,NA,4,1,1,30000,2,NA,16,1,252,4115,661
4117_1_1,4117_1,4117,1,1,1,4,NA,8,3,2,NA,2,NA,16,1,251,4117,459
4117_1_1,4117_1,4117,1,1,2,1,NA,3,1,2,NA,2,NA,16,1,251,4117,459
4123_3_1,4123_3,4123,3,1,1,1,NA,8,5,1,200000,2,NA,16,1,252,4123,629
4123_3_1,4123_3,4123,3,1,2,1,NA,4,1,2,NA,2,NA,16,1,252,4123,629
4124_4_1,4124_4,4124,4,1,1,2,NA,3,1,2,NA,2,NA,16,1,252,4124,633
4127_5_1,4127_5,4127,5,1,1,2,NA,5,3,2,NA,2,NA,16,1,252,4127,642
4129_1_1,4129_1,4129,1,1,1,1,NA,3,1,2,NA,2,NA,16,1,252,4129,541
4143_4_1,4143_4,4143,4,1,1,1,NA,3,2,1,10000,1,2000,16,1,252,4143,529
4163_1_1,4163_1,4163,1,1,1,2,NA,3,5,2,NA,2,NA,16,1,256,4163,840
4163_1_1,4163_1,4163,1,1,2,3,NA,4,5,2,NA,2,NA,16,1,256,4163,840
4206_6_1,4206_6,4206,6,1,1,1,NA,3,2,2,NA,2,NA,16,2,260,4206,1000
4208_10_1,4208_10,4208,10,1,1,1,NA,4,3,2,NA,1,50000,16,2,262,4208,872
4210_4_1,4210_4,4210,4,1,1,1,NA,6,1,1,20000,2,NA,16,2,260,4210,972
4210_14_1,4210_14,4210,14,1,1,2,3,4,3,2,NA,2,NA,16,2,260,4210,972
4213_4_1,4213_4,4213,4,1,1,1,NA,6,1,2,NA,2,NA,16,2,261,4213,847
4214_8_1,4214_8,4214,8,1,1,9,NA,2,3,2,NA,2,NA,16,2,260,4214,536
4245_11_1,4245_11,4245,11,1,1,1,NA,1,3,2,NA,2,NA,16,4,268,4245,1316
4291_2_1,4291_2,4291,2,1,1,1,NA,3,1,2,NA,2,NA,16,1,258,4291,2163
4300_4_1,4300_4,4300,4,1,1,1,NA,5,1,2,NA,1,999999888,17,1,279,4300,374
4304_3_1,4304_3,4304,3,1,1,1,NA,5,1,1,10000,2,NA,17,1,278,4304,240
4307_3_1,4307_3,4307,3,1,1,2,NA,6,1,1,800000,2,NA,17,1,279,4307,247
4330_5_1,4330_5,4330,5,1,1,1,NA,10,1,2,NA,1,5000,17,1,271,4330,231
4342_2_1,4342_2,4342,2,1,2,1,NA,3,1,2,NA,2,NA,17,1,270,4342,227
4342_2_1,4342_2,4342,2,1,1,1,NA,3,1,2,NA,2,NA,17,1,270,4342,227
4349_1_1,4349_1,4349,1,1,1,3,NA,99,3,1,999999999,2,NA,17,1,270,4349,335
4379_3_1,4379_3,4379,3,1,1,1,NA,4,1,2,NA,2,NA,17,1,271,4379,482
4379_3_1,4379_3,4379,3,1,2,1,NA,2,1,2,NA,2,NA,17,1,271,4379,482
4425_5_1,4425_5,4425,5,1,1,2,1,6,2,2,NA,2,NA,17,1,271,4425,320
4450_20_1,4450_20,4450,20,1,1,2,NA,3,3,2,NA,2,NA,17,2,281,4450,460
4475_13_1,4475_13,4475,13,1,1,1,NA,5,3,1,45000,2,NA,17,2,281,4475,458
4484_5_1,4484_5,4484,5,1,1,1,NA,4,1,2,NA,2,NA,17,3,280,4484,374
4495_1_1,4495_1,4495,1,1,2,1,NA,3,3,2,NA,2,NA,17,3,275,4495,337
4495_1_1,4495_1,4495,1,1,3,1,NA,2,3,2,NA,2,NA,17,3,275,4495,337
4495_1_1,4495_1,4495,1,1,1,1,NA,3,3,2,NA,2,NA,17,3,275,4495,337
4497_1_1,4497_1,4497,1,1,1,1,NA,5,1,2,NA,2,NA,17,3,275,4497,363
4505_2_1,4505_2,4505,2,1,2,1,NA,5,1,2,NA,2,NA,17,3,285,4505,208
4505_2_1,4505_2,4505,2,1,1,1,NA,5,1,2,NA,2,NA,17,3,285,4505,208
4508_5_1,4508_5,4508,5,1,1,3,NA,4,1,2,NA,2,NA,17,3,276,4508,231
4509_4_1,4509_4,4509,4,1,1,1,NA,3,3,2,NA,2,NA,17,3,283,4509,672
4529_1_1,4529_1,4529,1,1,1,1,NA,1,5,2,NA,2,NA,17,4,287,4529,467
4532_18_1,4532_18,4532,18,1,1,1,NA,9,1,1,60000,2,NA,17,4,287,4532,951
4542_1_1,4542_1,4542,1,1,1,1,NA,7,1,1,9000,2,NA,17,1,279,4542,121
4542_8_1,4542_8,4542,8,1,1,1,NA,3,2,2,NA,2,NA,17,1,279,4542,121
4554_4_1,4554_4,4554,4,1,1,2,NA,2,1,1,1000,1,1000,18,1,288,4554,189
4554_4_1,4554_4,4554,4,1,2,2,NA,2,1,1,1000,1,1000,18,1,288,4554,189
4554_4_1,4554_4,4554,4,1,5,2,NA,1,1,2,NA,2,NA,18,1,288,4554,189
4554_4_1,4554_4,4554,4,1,4,2,NA,2,1,2,NA,2,NA,18,1,288,4554,189
4554_4_1,4554_4,4554,4,1,3,2,NA,2,1,2,NA,2,NA,18,1,288,4554,189
4568_4_1,4568_4,4568,4,1,2,1,NA,5,1,1,40000,2,NA,18,1,289,4568,140
4568_4_1,4568_4,4568,4,1,1,2,NA,5,1,2,NA,2,NA,18,1,289,4568,140
4579_3_1,4579_3,4579,3,1,1,2,NA,5,1,2,NA,2,NA,18,1,288,4579,166
4580_5_1,4580_5,4580,5,1,1,2,1,8,1,1,50000,2,NA,18,1,290,4580,182
4580_5_1,4580_5,4580,5,1,2,2,1,3,2,2,NA,2,NA,18,1,290,4580,182
4580_5_1,4580_5,4580,5,1,3,2,1,4,1,2,NA,2,NA,18,1,290,4580,182
4583_2_1,4583_2,4583,2,1,1,1,NA,4,1,1,5000,2,NA,18,1,290,4583,195
4583_2_1,4583_2,4583,2,1,3,1,NA,4,1,1,5000,1,5000,18,1,290,4583,195
4583_2_1,4583_2,4583,2,1,2,1,NA,4,1,1,5000,1,20000,18,1,290,4583,195
4586_3_1,4586_3,4586,3,1,1,1,NA,4,1,1,9000,2,NA,18,1,289,4586,167
4587_5_1,4587_5,4587,5,1,1,1,NA,2,1,2,NA,2,NA,18,1,289,4587,199
4602_2_1,4602_2,4602,2,1,1,1,NA,3,1,1,20000,2,NA,18,1,288,4602,215
4623_2_1,4623_2,4623,2,1,1,1,NA,4,1,2,NA,2,NA,18,1,289,4623,189
4623_2_1,4623_2,4623,2,1,2,1,NA,4,3,2,NA,2,NA,18,1,289,4623,189
4624_3_1,4624_3,4624,3,1,1,1,NA,3,1,2,NA,2,NA,18,1,289,4624,170
4625_1_1,4625_1,4625,1,1,1,1,NA,6,1,1,25000,2,NA,18,1,289,4625,173
4638_5_1,4638_5,4638,5,1,1,1,NA,3,2,1,6000,1,6000,18,1,290,4638,183
4655_2_1,4655_2,4655,2,1,1,1,NA,5,1,1,35000,1,11000,18,1,289,4655,156
4655_2_1,4655_2,4655,2,1,2,2,NA,4,3,2,NA,2,NA,18,1,289,4655,156
4658_5_1,4658_5,4658,5,1,1,1,NA,5,1,2,NA,2,NA,18,1,290,4658,165
4688_5_1,4688_5,4688,5,1,1,1,NA,5,3,2,NA,2,NA,18,2,292,4688,346
4692_10_1,4692_10,4692,10,1,1,1,NA,3,1,2,NA,2,NA,18,2,293,4692,148
4692_13_1,4692_13,4692,13,1,1,1,NA,2,1,2,NA,1,24000,18,2,293,4692,148
4702_10_1,4702_10,4702,10,1,1,1,NA,5,5,1,30000,2,NA,18,3,295,4702,209
4708_8_1,4708_8,4708,8,1,1,1,NA,3,1,2,NA,2,NA,18,3,295,4708,210
4715_16_1,4715_16,4715,16,1,5,1,NA,1,1,2,NA,2,NA,18,3,296,4715,185
4715_16_1,4715_16,4715,16,1,1,1,NA,1,1,2,NA,2,NA,18,3,296,4715,185
4715_16_1,4715_16,4715,16,1,2,1,NA,1,3,2,NA,2,NA,18,3,296,4715,185
4715_16_1,4715_16,4715,16,1,3,1,NA,1,3,2,NA,2,NA,18,3,296,4715,185
4715_16_1,4715_16,4715,16,1,7,1,NA,1,1,2,NA,2,NA,18,3,296,4715,185
4715_16_1,4715_16,4715,16,1,6,1,NA,1,1,2,NA,2,NA,18,3,296,4715,185
4715_16_1,4715_16,4715,16,1,4,1,NA,1,3,2,NA,2,NA,18,3,296,4715,185
4717_10_1,4717_10,4717,10,1,1,1,NA,2,1,2,NA,2,NA,18,3,295,4717,175
4778_4_1,4778_4,4778,4,1,1,1,NA,4,3,2,NA,2,NA,19,1,300,4778,744
4779_5_1,4779_5,4779,5,1,1,3,NA,3,1,2,NA,2,NA,19,1,300,4779,755
4780_4_1,4780_4,4780,4,1,1,3,NA,4,1,1,999999999,1,999999999,19,1,300,4780,713
4783_2_1,4783_2,4783,2,1,1,1,NA,4,3,1,15000,1,15000,19,1,301,4783,786
4783_4_1,4783_4,4783,4,1,1,1,2,5,5,2,NA,2,NA,19,1,301,4783,786
4785_2_1,4785_2,4785,2,1,1,2,NA,5,1,2,NA,1,3000,19,1,301,4785,745
4785_5_1,4785_5,4785,5,1,1,1,NA,6,1,2,NA,2,NA,19,1,301,4785,745
4797_3_1,4797_3,4797,3,1,1,1,NA,4,1,2,NA,2,NA,19,1,301,4797,785
4808_3_1,4808_3,4808,3,1,1,1,NA,3,1,2,NA,2,NA,19,1,301,4808,805
4820_5_1,4820_5,4820,5,1,1,4,NA,4,1,2,NA,2,NA,19,1,300,4820,639
4867_4_1,4867_4,4867,4,1,1,1,NA,3,1,2,NA,2,NA,19,1,301,4867,829
4902_2_1,4902_2,4902,2,1,1,1,NA,4,1,2,NA,2,NA,19,1,302,4902,1089
4921_3_1,4921_3,4921,3,1,2,2,NA,2,3,2,NA,1,40000,19,1,300,4921,855
4921_3_1,4921_3,4921,3,1,1,3,NA,2,1,2,NA,2,NA,19,1,300,4921,855
5006_3_1,5006_3,5006,3,1,1,1,NA,5,1,2,NA,2,NA,19,1,302,5006,872
5012_1_1,5012_1,5012,1,1,1,2,NA,2,1,2,NA,2,NA,19,1,302,5012,866
5018_3_1,5018_3,5018,3,1,1,3,NA,2,3,2,NA,2,NA,19,1,301,5018,790
5039_4_1,5039_4,5039,4,1,1,1,NA,1,1,2,NA,2,NA,19,1,300,5039,876
5042_4_1,5042_4,5042,4,1,1,3,NA,4,1,2,NA,2,NA,19,1,301,5042,784
5044_5_1,5044_5,5044,5,1,1,1,NA,4,1,2,NA,2,NA,19,1,301,5044,794
5051_5_1,5051_5,5051,5,1,1,1,NA,2,1,2,NA,2,NA,19,1,302,5051,951
5070_7_1,5070_7,5070,7,1,1,1,NA,3,1,2,NA,2,NA,19,2,308,5070,1010
5070_9_1,5070_9,5070,9,1,1,1,NA,3,4,2,NA,2,NA,19,2,308,5070,1010
5071_8_1,5071_8,5071,8,1,2,2,NA,1,5,2,NA,2,NA,19,2,308,5071,898
5071_8_1,5071_8,5071,8,1,1,1,NA,4,1,1,15000,2,NA,19,2,308,5071,898
5083_6_1,5083_6,5083,6,1,1,1,NA,3,3,2,NA,2,NA,19,3,310,5083,824
5089_1_1,5089_1,5089,1,1,1,1,NA,4,1,2,NA,2,NA,19,4,311,5089,707
5104_5_1,5104_5,5104,5,1,1,1,NA,3,5,2,NA,2,NA,19,1,301,5104,698
5105_2_1,5105_2,5105,2,1,2,1,NA,3,1,2,NA,2,NA,19,3,310,5105,792
5105_2_1,5105_2,5105,2,1,1,1,NA,3,3,1,60000,2,NA,19,3,310,5105,792
5105_5_1,5105_5,5105,5,1,1,2,NA,5,1,2,NA,2,NA,19,3,310,5105,792
5123_5_1,5123_5,5123,5,1,1,2,NA,3,1,1,200000,2,NA,20,1,314,5123,419
5129_2_1,5129_2,5129,2,1,1,2,NA,3,3,2,NA,2,NA,20,1,313,5129,462
5163_4_1,5163_4,5163,4,1,1,1,NA,3,1,2,NA,2,NA,20,2,317,5163,631
5178_8_1,5178_8,5178,8,1,1,1,NA,4,1,1,40000,1,10000,20,3,326,5178,420
5184_2_1,5184_2,5184,2,1,1,1,NA,7,2,1,20000,1,8000,20,3,320,5184,460
5186_4_1,5186_4,5186,4,1,1,6,NA,3,3,2,NA,2,NA,20,3,319,5186,650
5198_12_1,5198_12,5198,12,1,1,3,NA,4,1,1,50000,1,20000,20,3,327,5198,411
5203_1_1,5203_1,5203,1,1,1,1,NA,1,1,2,NA,2,NA,20,3,325,5203,495
5242_9_1,5242_9,5242,9,1,1,1,NA,3,3,2,NA,2,NA,20,4,328,5242,457
5265_1_1,5265_1,5265,1,1,1,1,NA,2,1,2,NA,2,NA,20,2,323,5265,279
5290_2_1,5290_2,5290,2,1,1,1,NA,3,3,2,NA,2,NA,21,1,330,5290,920
5317_3_1,5317_3,5317,3,1,1,1,NA,4,3,2,NA,2,NA,21,1,331,5317,1040
5386_5_1,5386_5,5386,5,1,1,2,NA,5,1,1,1500,1,10000,21,1,339,5386,862
5388_12_1,5388_12,5388,12,1,1,2,NA,2,1,2,NA,2,NA,21,2,342,5388,291
5388_12_1,5388_12,5388,12,1,4,2,NA,2,1,2,NA,2,NA,21,2,342,5388,291
5388_12_1,5388_12,5388,12,1,3,2,NA,2,1,2,NA,2,NA,21,2,342,5388,291
5388_12_1,5388_12,5388,12,1,2,2,NA,2,1,2,NA,2,NA,21,2,342,5388,291
5422_18_1,5422_18,5422,18,1,1,1,NA,5,1,2,NA,2,NA,21,2,342,5422,1279
5449_1_1,5449_1,5449,1,1,1,1,NA,4,1,2,NA,2,NA,21,3,344,5449,1023
5456_12_1,5456_12,5456,12,1,1,2,NA,2,1,2,NA,2,NA,21,4,348,5456,1145
5471_1_1,5471_1,5471,1,1,1,2,NA,4,1,1,7000,2,NA,21,4,347,5471,1093
5477_2_2,5477_2,5477,2,2,1,1,NA,1,1,2,NA,2,NA,21,4,348,5477,946
5504_3_1,5504_3,5504,3,1,1,1,NA,3,1,1,50000,2,NA,22,1,350,5504,244
5505_3_1,5505_3,5505,3,1,1,2,NA,4,1,1,50000,2,NA,22,1,350,5505,266
5524_4_1,5524_4,5524,4,1,1,1,NA,4,1,2,NA,2,NA,22,1,349,5524,193
5528_2_1,5528_2,5528,2,1,1,2,NA,7,1,2,NA,2,NA,22,1,349,5528,202
5545_4_1,5545_4,5545,4,1,1,1,NA,3,1,2,NA,2,NA,22,1,351,5545,412
5568_3_1,5568_3,5568,3,1,1,1,NA,3,1,2,NA,2,NA,22,1,350,5568,309
5590_4_1,5590_4,5590,4,1,1,1,NA,6,1,2,NA,2,NA,22,1,350,5590,282
5621_2_1,5621_2,5621,2,1,1,1,NA,6,2,2,NA,2,NA,22,1,351,5621,540
5622_5_1,5622_5,5622,5,1,1,1,2,4,1,2,NA,2,NA,22,1,351,5622,645
5640_1_1,5640_1,5640,1,1,1,1,NA,5,1,2,NA,2,NA,22,1,358,5640,410
5640_2_1,5640_2,5640,2,1,1,1,NA,6,1,2,NA,2,NA,22,1,358,5640,410
5653_2_1,5653_2,5653,2,1,1,2,NA,4,1,2,NA,2,NA,22,1,359,5653,380
5661_5_1,5661_5,5661,5,1,1,2,NA,4,1,2,NA,2,NA,22,1,359,5661,343
5688_11_1,5688_11,5688,11,1,1,1,NA,5,1,2,NA,2,NA,22,2,360,5688,450
5688_15_1,5688_15,5688,15,1,1,1,NA,7,5,2,NA,2,NA,22,2,360,5688,450
5688_16_1,5688_16,5688,16,1,1,2,NA,2,3,2,NA,2,NA,22,2,360,5688,450
5688_16_1,5688_16,5688,16,1,2,3,NA,1,5,2,NA,2,NA,22,2,360,5688,450
5703_7_1,5703_7,5703,7,1,1,1,NA,12,1,2,NA,2,NA,22,3,361,5703,494
5703_7_1,5703_7,5703,7,1,2,1,NA,12,1,9,NA,2,NA,22,3,361,5703,494
5703_14_1,5703_14,5703,14,1,1,1,NA,3,1,2,NA,2,NA,22,3,361,5703,494
5703_14_1,5703_14,5703,14,1,2,1,NA,3,1,2,NA,2,NA,22,3,361,5703,494
5709_2_1,5709_2,5709,2,1,1,1,2,3,3,2,NA,2,NA,22,3,355,5709,574
5727_1_1,5727_1,5727,1,1,1,3,NA,2,5,2,NA,2,NA,22,4,365,5727,77
5727_1_1,5727_1,5727,1,1,2,6,NA,3,3,2,NA,2,NA,22,4,365,5727,77
5728_12_1,5728_12,5728,12,1,1,1,NA,3,3,2,NA,2,NA,22,4,364,5728,401
5737_9_1,5737_9,5737,9,1,1,2,NA,4,1,2,NA,2,NA,22,4,365,5737,140
5745_2_1,5745_2,5745,2,1,1,1,NA,3,3,2,NA,2,NA,22,3,361,5745,667
5762_2_1,5762_2,5762,2,1,1,1,NA,3,1,2,NA,2,NA,22,1,350,5762,1057
5778_2_1,5778_2,5778,2,1,1,2,NA,2,1,2,NA,2,NA,23,1,373,5778,304
5810_3_1,5810_3,5810,3,1,3,3,NA,3,1,2,NA,2,NA,23,1,368,5810,174
5810_3_1,5810_3,5810,3,1,2,1,NA,3,1,2,NA,2,NA,23,1,368,5810,174
5810_3_1,5810_3,5810,3,1,1,1,NA,3,1,2,NA,2,NA,23,1,368,5810,174
5817_4_1,5817_4,5817,4,1,1,1,NA,3,1,2,NA,2,NA,23,1,368,5817,272
5823_4_1,5823_4,5823,4,1,1,1,NA,4,1,1,10000,1,5000,23,1,367,5823,236
5824_1_1,5824_1,5824,1,1,1,1,2,5,3,2,NA,2,NA,23,1,369,5824,432
5824_5_1,5824_5,5824,5,1,11,1,NA,2,1,2,NA,2,NA,23,1,369,5824,432
5824_5_1,5824_5,5824,5,1,10,1,NA,2,1,2,NA,2,NA,23,1,369,5824,432
5824_5_1,5824_5,5824,5,1,9,1,NA,2,1,2,NA,2,NA,23,1,369,5824,432
5824_5_1,5824_5,5824,5,1,8,1,NA,2,1,2,NA,2,NA,23,1,369,5824,432
5824_5_1,5824_5,5824,5,1,7,1,NA,2,1,2,NA,2,NA,23,1,369,5824,432
5824_5_1,5824_5,5824,5,1,6,1,NA,2,1,2,NA,2,NA,23,1,369,5824,432
5824_5_1,5824_5,5824,5,1,3,1,NA,2,1,2,NA,2,NA,23,1,369,5824,432
5824_5_1,5824_5,5824,5,1,4,1,NA,2,1,2,NA,2,NA,23,1,369,5824,432
5824_5_1,5824_5,5824,5,1,5,1,NA,2,1,2,NA,2,NA,23,1,369,5824,432
5824_5_1,5824_5,5824,5,1,2,1,NA,5,1,2,NA,2,NA,23,1,369,5824,432
5824_5_1,5824_5,5824,5,1,1,1,NA,5,1,2,NA,2,NA,23,1,369,5824,432
5841_3_1,5841_3,5841,3,1,1,1,2,5,1,1,3000,2,NA,23,1,367,5841,170
5846_1_1,5846_1,5846,1,1,1,2,NA,2,1,1,999999999,2,NA,23,1,368,5846,245
5847_3_1,5847_3,5847,3,1,1,2,NA,2,1,1,4000,2,NA,23,1,367,5847,244
5931_3_1,5931_3,5931,3,1,1,2,NA,2,1,1,50000,2,NA,23,1,367,5931,257
5968_3_1,5968_3,5968,3,1,1,1,NA,3,1,1,30000,1,7000,23,1,369,5968,325
6020_3_1,6020_3,6020,3,1,1,2,NA,7,3,2,NA,2,NA,23,1,375,6020,230
6038_9_1,6038_9,6038,9,1,1,1,NA,3,1,2,NA,2,NA,23,2,378,6038,259
6041_19_1,6041_19,6041,19,1,1,1,NA,1,1,2,NA,2,NA,23,2,379,6041,442
6059_6_1,6059_6,6059,6,1,1,2,NA,3,1,2,NA,1,25000,23,4,383,6059,411
6097_2_1,6097_2,6097,2,1,1,2,NA,4,1,2,NA,2,NA,24,1,387,6097,430
6107_4_1,6107_4,6107,4,1,1,2,NA,2,1,2,NA,2,NA,24,1,385,6107,399
6124_2_2,6124_2,6124,2,2,1,1,NA,4,1,2,NA,2,NA,24,1,384,6124,461
6129_1_1,6129_1,6129,1,1,1,1,NA,3,1,2,NA,2,NA,24,1,385,6129,502
6129_5_1,6129_5,6129,5,1,1,1,NA,4,3,2,NA,2,NA,24,1,385,6129,502
6129_5_1,6129_5,6129,5,1,2,3,NA,5,3,2,NA,2,NA,24,1,385,6129,502
6147_2_1,6147_2,6147,2,1,1,1,NA,2,5,2,NA,2,NA,24,1,384,6147,422
6152_5_1,6152_5,6152,5,1,1,1,NA,4,1,2,NA,2,NA,24,1,386,6152,502
6155_4_1,6155_4,6155,4,1,4,1,NA,2,1,2,NA,2,NA,24,1,385,6155,525
6155_4_1,6155_4,6155,4,1,3,1,NA,6,1,2,NA,2,NA,24,1,385,6155,525
6155_4_1,6155_4,6155,4,1,2,1,NA,8,1,2,NA,2,NA,24,1,385,6155,525
6155_4_1,6155_4,6155,4,1,1,1,NA,3,1,1,600000,2,NA,24,1,385,6155,525
6155_4_1,6155_4,6155,4,1,5,1,NA,7,5,2,NA,2,NA,24,1,385,6155,525
6159_1_1,6159_1,6159,1,1,1,1,NA,5,1,2,NA,2,NA,24,1,385,6159,423
6177_4_1,6177_4,6177,4,1,1,2,NA,5,1,2,NA,2,NA,24,1,385,6177,477
6180_3_1,6180_3,6180,3,1,1,2,NA,3,1,2,NA,2,NA,24,1,385,6180,492
6218_4_1,6218_4,6218,4,1,1,1,NA,4,3,2,NA,2,NA,24,1,386,6218,545
6244_2_1,6244_2,6244,2,1,1,1,NA,5,1,2,NA,2,NA,24,1,384,6244,640
6257_5_1,6257_5,6257,5,1,1,1,NA,2,1,2,NA,2,NA,24,2,390,6257,505
6266_10_1,6266_10,6266,10,1,1,1,NA,4,3,1,100000,1,100000,24,3,393,6266,334
6278_13_1,6278_13,6278,13,1,1,1,NA,4,1,2,NA,2,NA,24,4,395,6278,369
6283_9_1,6283_9,6283,9,1,1,1,NA,2,2,2,NA,2,NA,24,4,395,6283,422
6284_1_1,6284_1,6284,1,1,1,1,NA,7,1,2,NA,2,NA,24,4,395,6284,389
6291_5_1,6291_5,6291,5,1,1,1,NA,2,1,1,30000,1,20000,24,4,395,6291,459
6291_5_1,6291_5,6291,5,1,2,1,NA,1,1,2,NA,1,20000,24,4,395,6291,459
6345_2_1,6345_2,6345,2,1,1,1,NA,2,1,2,NA,2,NA,25,1,404,6345,635
6360_3_1,6360_3,6360,3,1,1,1,NA,5,2,2,NA,2,NA,25,1,405,6360,400
6369_4_1,6369_4,6369,4,1,1,2,NA,4,1,2,NA,2,NA,25,1,398,6369,480
6396_4_1,6396_4,6396,4,1,1,1,NA,4,1,2,NA,2,NA,25,1,397,6396,557
6455_3_1,6455_3,6455,3,1,1,2,NA,3,1,2,NA,2,NA,25,1,398,6455,519
6473_1_1,6473_1,6473,1,1,1,1,NA,7,3,2,NA,2,NA,25,1,400,6473,558
6474_4_1,6474_4,6474,4,1,1,1,NA,6,1,2,NA,2,NA,25,1,401,6474,319
6491_1_1,6491_1,6491,1,1,1,2,NA,3,3,2,NA,2,NA,25,1,401,6491,456
6500_3_1,6500_3,6500,3,1,1,2,NA,2,3,2,NA,2,NA,25,1,402,6500,650
6515_1_1,6515_1,6515,1,1,1,1,NA,2,1,2,NA,2,NA,25,1,402,6515,449
6521_5_1,6521_5,6521,5,1,1,1,NA,5,2,2,NA,1,10000,25,2,409,6521,268
6521_20_1,6521_20,6521,20,1,3,2,1,5,1,2,NA,2,NA,25,2,409,6521,268
6521_20_1,6521_20,6521,20,1,1,2,1,4,1,2,NA,2,NA,25,2,409,6521,268
6521_20_1,6521_20,6521,20,1,2,2,1,5,1,2,NA,2,NA,25,2,409,6521,268
6534_2_1,6534_2,6534,2,1,1,1,NA,7,1,2,NA,2,NA,25,3,410,6534,435
6624_3_1,6624_3,6624,3,1,1,3,NA,5,1,2,NA,2,NA,26,1,420,6624,497
6642_4_1,6642_4,6642,4,1,1,1,NA,3,1,1,650000,1,50000,26,1,428,6642,737
6642_5_1,6642_5,6642,5,1,1,2,NA,4,1,2,NA,1,999999999,26,1,428,6642,737
6658_4_1,6658_4,6658,4,1,1,2,NA,3,3,1,5000,2,NA,26,1,416,6658,373
6698_1_1,6698_1,6698,1,1,1,1,2,5,3,2,NA,1,250000,26,1,416,6698,474
6698_1_1,6698_1,6698,1,1,2,1,2,7,1,1,15000,1,15000,26,1,416,6698,474
6701_5_1,6701_5,6701,5,1,1,3,NA,3,1,2,NA,2,NA,26,1,417,6701,457
6715_4_1,6715_4,6715,4,1,1,2,NA,5,1,2,NA,2,NA,26,1,416,6715,391
6823_12_1,6823_12,6823,12,1,1,1,NA,3,1,1,15000,1,5000,26,2,433,6823,628
6825_18_1,6825_18,6825,18,1,1,1,NA,3,3,2,NA,2,NA,26,2,432,6825,695
6827_13_1,6827_13,6827,13,1,1,2,NA,3,1,2,NA,2,NA,26,2,435,6827,599
6828_10_1,6828_10,6828,10,1,2,2,NA,1,1,1,2500,2,NA,26,2,434,6828,441
6828_10_1,6828_10,6828,10,1,1,2,NA,1,1,1,2500,2,NA,26,2,434,6828,441
6828_10_1,6828_10,6828,10,1,3,2,NA,1,1,1,2500,2,NA,26,2,434,6828,441
6859_5_1,6859_5,6859,5,1,1,1,NA,3,1,2,NA,2,NA,26,1,419,6859,420
6865_1_1,6865_1,6865,1,1,1,1,NA,6,1,2,NA,2,NA,26,1,416,6865,296
6887_5_1,6887_5,6887,5,1,4,3,NA,2,1,2,NA,2,NA,27,1,441,6887,401
6887_5_1,6887_5,6887,5,1,5,1,NA,3,1,2,NA,2,NA,27,1,441,6887,401
6887_5_1,6887_5,6887,5,1,3,3,NA,2,3,2,NA,2,NA,27,1,441,6887,401
6887_5_1,6887_5,6887,5,1,2,3,NA,3,3,1,25000,2,NA,27,1,441,6887,401
6887_5_1,6887_5,6887,5,1,1,3,NA,2,1,2,NA,2,NA,27,1,441,6887,401
6891_4_1,6891_4,6891,4,1,2,2,NA,3,1,2,NA,2,NA,27,1,442,6891,417
6891_4_1,6891_4,6891,4,1,1,2,NA,3,1,2,NA,2,NA,27,1,442,6891,417
6891_4_1,6891_4,6891,4,1,3,2,NA,3,1,2,NA,2,NA,27,1,442,6891,417
6902_5_1,6902_5,6902,5,1,1,2,NA,3,3,2,NA,2,NA,27,1,440,6902,298
6906_4_1,6906_4,6906,4,1,1,1,NA,6,1,1,90000,1,10000,27,1,442,6906,396
6955_9_1,6955_9,6955,9,1,1,1,NA,2,1,2,NA,2,NA,27,2,445,6955,373
6963_3_1,6963_3,6963,3,1,1,2,NA,4,1,2,NA,2,NA,27,3,449,6963,277
7027_5_1,7027_5,7027,5,1,1,1,NA,4,3,2,NA,2,NA,27,3,447,7027,882
7031_4_1,7031_4,7031,4,1,1,4,NA,3,3,2,NA,2,NA,27,3,447,7031,65
7038_1_1,7038_1,7038,1,1,1,2,NA,4,1,2,NA,2,NA,27,3,447,7038,1214
7144_3_1,7144_3,7144,3,1,1,1,NA,5,1,2,NA,2,NA,28,1,464,7144,567
7144_3_1,7144_3,7144,3,1,2,1,NA,4,1,2,NA,2,NA,28,1,464,7144,567
7154_5_1,7154_5,7154,5,1,1,1,NA,5,1,2,NA,2,NA,28,1,465,7154,554
7155_4_1,7155_4,7155,4,1,1,1,NA,2,1,2,NA,2,NA,28,1,465,7155,514
7180_5_1,7180_5,7180,5,1,1,1,NA,7,2,2,NA,2,NA,28,1,459,7180,384
7182_5_1,7182_5,7182,5,1,1,1,NA,8,1,2,NA,2,NA,28,1,458,7182,630
7190_1_1,7190_1,7190,1,1,1,2,NA,3,3,2,NA,2,NA,28,1,459,7190,740
7283_5_1,7283_5,7283,5,1,1,1,NA,10,1,2,NA,2,NA,28,1,469,7283,610
7383_13_1,7383_13,7383,13,1,1,2,NA,3,1,2,NA,2,NA,29,2,485,7383,223
7538_3_1,7538_3,7538,3,1,1,1,NA,2,2,1,999999999,2,NA,29,3,482,7538,163
7615_1_1,7615_1,7615,1,1,1,1,NA,6,1,1,6000,2,NA,29,4,490,7615,236
7623_9_1,7623_9,7623,9,1,1,2,NA,4,3,2,NA,2,NA,29,4,490,7623,182
7643_4_1,7643_4,7643,4,1,1,1,NA,4,3,2,NA,2,NA,30,1,491,7643,1107
7689_4_1,7689_4,7689,4,1,1,2,NA,4,1,2,NA,2,NA,30,1,495,7689,1846
7691_1_1,7691_1,7691,1,1,1,1,NA,3,1,2,NA,2,NA,30,1,513,7691,1737
7694_1_1,7694_1,7694,1,1,1,3,NA,2,1,2,NA,2,NA,30,1,513,7694,1171
7729_5_1,7729_5,7729,5,1,1,3,NA,4,1,2,NA,2,NA,30,1,493,7729,1287
7729_5_1,7729_5,7729,5,1,2,3,NA,2,1,2,NA,2,NA,30,1,493,7729,1287
7776_8_1,7776_8,7776,8,1,1,1,NA,4,1,2,NA,2,NA,30,3,523,7776,1501
7776_8_1,7776_8,7776,8,1,2,1,NA,4,3,2,NA,2,NA,30,3,523,7776,1501
7797_7_1,7797_7,7797,7,1,1,2,1,1,1,2,NA,2,NA,30,3,522,7797,1406
7898_3_1,7898_3,7898,3,1,1,1,NA,3,1,2,NA,2,NA,31,1,529,7898,351
7919_5_1,7919_5,7919,5,1,2,1,NA,2,3,2,NA,2,NA,31,1,527,7919,326
7919_5_1,7919_5,7919,5,1,1,1,NA,3,5,1,999999999,2,NA,31,1,527,7919,326
7938_1_1,7938_1,7938,1,1,1,2,NA,3,1,2,NA,2,NA,31,1,529,7938,367
7948_1_1,7948_1,7948,1,1,1,6,NA,2,1,1,6000,2,NA,31,1,527,7948,354
7983_5_1,7983_5,7983,5,1,3,1,2,4,1,2,NA,1,20000,31,1,529,7983,438
7983_5_1,7983_5,7983,5,1,4,2,1,4,1,2,NA,1,5000,31,1,529,7983,438
7983_5_1,7983_5,7983,5,1,1,2,NA,4,1,1,40000,1,20000,31,1,529,7983,438
7983_5_1,7983_5,7983,5,1,2,2,NA,12,1,1,30000,2,NA,31,1,529,7983,438
7993_3_1,7993_3,7993,3,1,1,1,NA,7,1,2,NA,2,NA,31,1,529,7993,359
7996_3_1,7996_3,7996,3,1,1,1,NA,3,1,2,NA,1,40000,31,1,529,7996,494
7996_3_1,7996_3,7996,3,1,3,2,NA,2,1,2,NA,2,NA,31,1,529,7996,494
7996_3_1,7996_3,7996,3,1,2,2,NA,2,1,2,NA,2,NA,31,1,529,7996,494
7996_3_1,7996_3,7996,3,1,4,2,NA,3,1,2,NA,2,NA,31,1,529,7996,494
8022_4_1,8022_4,8022,4,1,1,1,NA,2,3,1,5000,2,NA,31,2,531,8022,266
8033_13_1,8033_13,8033,13,1,1,2,NA,3,1,2,NA,2,NA,31,2,535,8033,352
8036_1_1,8036_1,8036,1,1,1,2,NA,4,1,2,NA,2,NA,31,2,531,8036,391
8046_1_1,8046_1,8046,1,1,1,2,NA,3,1,2,NA,2,NA,31,2,531,8046,484
8062_7_1,8062_7,8062,7,1,1,2,NA,3,1,2,NA,9,NA,31,3,537,8062,405
8063_3_1,8063_3,8063,3,1,1,3,NA,4,5,2,NA,2,NA,31,3,536,8063,133
8078_15_1,8078_15,8078,15,1,1,1,NA,1,5,1,15000,2,NA,31,3,539,8078,667
8078_18_1,8078_18,8078,18,1,1,1,NA,3,3,2,NA,2,NA,31,3,539,8078,667
8094_6_1,8094_6,8094,6,1,1,2,NA,4,1,1,15000,2,NA,31,4,540,8094,134
8104_1_1,8104_1,8104,1,1,1,1,NA,7,1,2,NA,2,NA,31,1,528,8104,329
8104_4_1,8104_4,8104,4,1,1,2,1,4,5,1,22000,2,NA,31,1,528,8104,329
8104_4_1,8104_4,8104,4,1,2,1,NA,3,1,2,NA,2,NA,31,1,528,8104,329
8119_1_1,8119_1,8119,1,1,1,1,NA,7,1,2,NA,2,NA,32,1,545,8119,282
8145_2_1,8145_2,8145,2,1,1,1,NA,5,1,2,NA,2,NA,32,1,544,8145,254
8146_3_1,8146_3,8146,3,1,1,1,NA,7,1,2,NA,1,102000,32,1,544,8146,216
8147_5_1,8147_5,8147,5,1,1,1,2,7,1,1,60000,2,NA,32,1,542,8147,294
8153_1_1,8153_1,8153,1,1,1,1,NA,7,1,2,NA,2,NA,32,1,543,8153,222
8158_4_1,8158_4,8158,4,1,1,1,NA,3,1,1,60000,1,5000,32,1,544,8158,383
8158_5_1,8158_5,8158,5,1,1,1,NA,4,1,1,30000,2,NA,32,1,544,8158,383
8161_5_1,8161_5,8161,5,1,1,3,NA,5,1,2,NA,2,NA,32,1,544,8161,336
8161_5_1,8161_5,8161,5,1,2,3,NA,5,1,2,NA,2,NA,32,1,544,8161,336
8183_2_1,8183_2,8183,2,1,1,1,NA,5,1,2,NA,2,NA,32,1,543,8183,214
8186_4_1,8186_4,8186,4,1,1,3,NA,2,1,2,NA,2,NA,32,1,543,8186,243
8196_5_1,8196_5,8196,5,1,1,1,NA,4,1,2,NA,2,NA,32,1,543,8196,383
8203_4_1,8203_4,8203,4,1,1,1,NA,4,1,2,NA,2,NA,32,1,544,8203,289
8223_18_1,8223_18,8223,18,1,1,2,NA,4,3,2,NA,2,NA,32,2,548,8223,335
8230_14_1,8230_14,8230,14,1,1,1,NA,5,2,1,100000,2,NA,32,3,549,8230,249
8232_11_1,8232_11,8232,11,1,1,2,NA,3,1,1,999999999,2,NA,32,3,550,8232,264
8237_2_1,8237_2,8237,2,1,1,1,NA,5,1,2,NA,2,NA,32,3,549,8237,345
8242_18_1,8242_18,8242,18,1,1,2,1,12,5,1,1000000,2,NA,32,3,549,8242,181
8243_2_1,8243_2,8243,2,1,1,2,NA,3,1,2,NA,2,NA,32,3,549,8243,240
8254_18_1,8254_18,8254,18,1,1,2,NA,5,1,2,NA,2,NA,32,4,551,8254,291
8257_20_1,8257_20,8257,20,1,1,2,NA,2,1,2,NA,2,NA,32,4,551,8257,249
8281_6_1,8281_6,8281,6,1,1,4,NA,9,1,2,NA,2,NA,32,4,552,8281,231
8281_7_1,8281_7,8281,7,1,1,1,2,4,3,2,NA,2,NA,32,4,552,8281,231
8298_1_1,8298_1,8298,1,1,1,1,NA,6,1,2,NA,2,NA,32,1,543,8298,418
